{"cameraMode":{"drawMode":0,"name":"Shaded","section":"Shading Mode"},"sceneLighting":true,"audioPlay":false,"sceneViewState":{"showFog":true,"showMaterialUpdate":false,"showSkybox":true,"showFlares":true,"showImageEffects":true,"showParticleSystems":true},"in2DMode":false,"pivot":{"x":9.13034439086914,"y":1.5294413566589356,"z":4.188758850097656},"rotation":{"x":-0.08564575761556626,"y":0.24605225026607514,"z":0.021832864731550218,"w":0.9652205109596252},"size":6.6906256675720219,"orthographic":false}