{"cameraMode":{"drawMode":0,"name":"Shaded","section":"Shading Mode"},"sceneLighting":true,"audioPlay":false,"sceneViewState":{"showFog":true,"showMaterialUpdate":false,"showSkybox":true,"showFlares":true,"showImageEffects":true,"showParticleSystems":true},"in2DMode":false,"pivot":{"x":5.747009754180908,"y":2.21217679977417,"z":-1.971339225769043},"rotation":{"x":0.3039989173412323,"y":0.30578574538230898,"z":-0.103716641664505,"w":0.8962867259979248},"size":0.5655645132064819,"orthographic":false}