{"cameraMode":{"drawMode":0,"name":"Shaded","section":"Shading Mode"},"sceneLighting":true,"audioPlay":false,"sceneViewState":{"showFog":true,"showMaterialUpdate":false,"showSkybox":false,"showFlares":true,"showImageEffects":true,"showParticleSystems":true},"in2DMode":false,"pivot":{"x":-0.0350000262260437,"y":1.0475499629974366,"z":0.046999990940093997},"rotation":{"x":0.07268468290567398,"y":-0.13866746425628663,"z":0.010519257746636868,"w":0.9876851439476013},"size":4.756067752838135,"orthographic":false}